{"loss/loss_vae": 0.12209545728564271, "loss/critic_loss": 2.4210660684797523, "loss/cost_critic_loss": 12.023041790206141, "loss/actor_loss": 6819.593538476564, "loss/qc_penalty": 6826.621273437487, "loss/lagrangian": 1628.82761230469, "_timestamp": 1760939627.2402458, "_runtime": 5563.681678771973, "_step": 99999, "eval/Cost": 40.6, "eval/Reward": 312.10441121283384, "eval/Length": 300.0, "train/best_idx": 84999.0, "update/env_step": 99999.0, "_wandb": {"runtime": 5563}}