{"loss/loss_vae": 0.1238047848284246, "loss/critic_loss": 243.89261569462775, "loss/cost_critic_loss": 15.340528654793598, "loss/actor_loss": 420.32994912109433, "loss/qc_penalty": 488.77466521911555, "loss/lagrangian": 1123.254962988276, "_timestamp": 1760979298.0971594, "_runtime": 5590.808116436005, "_step": 99999, "eval/Cost": 23.9, "eval/Reward": 270.36709083407675, "eval/Length": 300.0, "train/best_idx": 49999.0, "update/env_step": 99999.0, "_wandb": {"runtime": 5591}}